<?xml version="1.0" encoding="UTF-8"?>
<project-private xmlns="http://www.netbeans.org/ns/project-private/1">
    <data xmlns="http://www.netbeans.org/ns/make-project-private/1">
        <activeConfTypeElem>1</activeConfTypeElem>
        <activeConfIndexElem>0</activeConfIndexElem>
    </data>
    <editor-bookmarks xmlns="http://www.netbeans.org/ns/editor-bookmarks/2" lastBookmarkId="0"/>
    <open-files xmlns="http://www.netbeans.org/ns/projectui-open-files/2">
        <group>
            <file>file:/home/neroxtu/Desktop/MYAH/OPE-New/include/PointCloudCapture.h</file>
            <file>file:/home/neroxtu/Desktop/MYAH/OPE-New/src/PointCloudCapture.cpp</file>
            <file>file:/home/neroxtu/Desktop/MYAH/OPE-New/src/OPEMain.cpp</file>
            <file>file:/home/neroxtu/Desktop/MYAH/OPE-New/src/OPEUtils.cpp</file>
            <file>file:/home/neroxtu/Desktop/MYAH/OPE-New/include/OPESettings.h</file>
            <file>file:/home/neroxtu/Desktop/MYAH/OPE-New/src/ObjectPoseEstimator.cpp</file>
        </group>
    </open-files>
</project-private>
